team_abbreviation,conference,division
ATL,East,Southeast
BKN,East,Atlantic
BOS,East,Atlantic
CHA,East,Southeast
CHI,East,Central
CLE,East,Central
DAL,West,Southwest
DEN,West,Northwest
DET,East,Central
GSW,West,Pacific
HOU,West,Southwest
IND,East,Central
LAC,West,Pacific
LAL,West,Pacific
MEM,West,Southwest
MIA,East,Southeast
MIL,East,Central
MIN,West,Northwest
NOP,West,Southwest
NYK,East,Atlantic
OKC,West,Northwest
ORL,East,Southeast
PHI,East,Atlantic
PHX,West,Pacific
POR,West,Northwest
SAC,West,Pacific
SAS,West,Southwest
TOR,East,Atlantic
UTA,West,Northwest
WAS,East,Southeast
